{"acc": 0.810223402619094, "loss": 0.17972763987412363, "_timestamp": 1715835349.293524, "_runtime": 1.0788121223449707, "_step": 7, "_wandb": {"runtime": 0}}