{"acc": 0.8486810343160455, "loss": 0.18095317000558409, "_timestamp": 1715833771.160063, "_runtime": 1.3833270072937012, "_step": 7, "_wandb": {"runtime": 0}}