{"acc": 0.7708798750861758, "loss": 0.2535142324302378, "_timestamp": 1715835382.194293, "_runtime": 1.1615409851074219, "_step": 7, "_wandb": {"runtime": 0}}