{"acc": 0.9332695708025073, "loss": 0.09283231374347417, "_timestamp": 1715835339.722622, "_runtime": 0.9668238162994385, "_step": 7, "_wandb": {"runtime": 0}}