{"acc": 0.7376570379137914, "loss": 0.23341333853862217, "_timestamp": 1715835330.253949, "_runtime": 1.1273488998413086, "_step": 7, "_wandb": {"runtime": 0}}