{"acc": 0.7593452096935386, "loss": 0.16058155194501914, "_timestamp": 1715835392.352776, "_runtime": 1.0669231414794922, "_step": 7, "_wandb": {"runtime": 0}}