{"acc": 0.7984363444447343, "loss": 0.20518219696165302, "_timestamp": 1715835406.795962, "_runtime": 1.152919054031372, "_step": 7, "_wandb": {"runtime": 0}}