{"acc": 0.9557878651516856, "loss": 0.05519437951856243, "_timestamp": 1715835314.882208, "_runtime": 1.1616110801696777, "_step": 7, "_wandb": {"runtime": 0}}