{"acc": 0.8168670174463721, "loss": 0.2307834272951751, "_timestamp": 1715835416.860301, "_runtime": 1.1465799808502197, "_step": 7, "_wandb": {"runtime": 0}}