{"acc": 0.7482672852525054, "loss": 0.1778395370207999, "_timestamp": 1715835430.211383, "_runtime": 1.2689940929412842, "_step": 7, "_wandb": {"runtime": 0}}